<?xml version="1.0" encoding="UTF-8"?>
<jdbcDataSource exportedWithPermissions="true">
    <folder>/organizations/organization_1/datasources</folder>
    <name>JServerJdbcDS</name>
    <version>0</version>
    <label>JServer Jdbc Data Source</label>
    <description>JServer Jdbc Data Source</description>
    <creationDate>2014-12-18T02:01:08.703-08:00</creationDate>
    <updateDate>2014-12-18T02:01:08.703-08:00</updateDate>
    <driver>org.postgresql.Driver</driver>
    <connectionUrl>jdbc:postgresql://localhost:5432/sugarcrm</connectionUrl>
    <connectionUser>postgres</connectionUser>
    <connectionPassword>ENC&lt;B7C77EB9023F241CECD504AD17BE454D&gt;</connectionPassword>
</jdbcDataSource>
