<?xml version="1.0" encoding="UTF-8"?>
<folder exportedWithPermissions="true">
    <parent>/organizations/organization_1/analysis</parent>
    <name>connections</name>
    <label>Analysis Connections</label>
    <description>Connections used by Analysis</description>
    <creationDate>2014-12-16T14:21:10.473-08:00</creationDate>
    <updateDate>2014-12-16T14:21:10.473-08:00</updateDate>
    <resource>Foodmart</resource>
    <resource>FoodmartXmlaConnection</resource>
    <resource>SugarCRM</resource>
    <resource>SugarCRMXmlaConnection</resource>
</folder>
