<?xml version="1.0" encoding="UTF-8"?>
<fileResource exportedWithPermissions="true" dataFile="supermart_zh_CN.properties.data">
    <folder>/public/Samples/Resources/Extras</folder>
    <name>supermart_zh_CN.properties</name>
    <version>0</version>
    <label>supermart_zh_CN.properties</label>
    <description>Chinese resource bundle</description>
    <creationDate>2014-12-18T02:01:29.901-08:00</creationDate>
    <updateDate>2014-09-30T10:27:43.840-07:00</updateDate>
    <fileType>prop</fileType>
</fileResource>
