<?xml version="1.0" encoding="UTF-8"?>
<fileResource exportedWithPermissions="true" dataFile="FoodmartNoTopGrant.data">
    <folder>/public/Samples/OLAP/Schemas</folder>
    <name>FoodmartNoTopGrant</name>
    <version>0</version>
    <label>Foodmart Grant without top levels</label>
    <description>ANALYSIS Foodmart Grant with no top levels allowing navigation in the browser</description>
    <creationDate>2014-12-18T02:01:26.881-08:00</creationDate>
    <updateDate>2012-07-03T12:59:28.063-07:00</updateDate>
    <fileType>accessGrantSchema</fileType>
</fileResource>
