<?xml version="1.0" encoding="UTF-8"?>
<fileResource exportedWithPermissions="true" dataFile="adhoc_datatree_icons_sprite.png.data">
    <folder>/organizations/organization_1/themes/jasper_dark/images</folder>
    <name>adhoc_datatree_icons_sprite.png</name>
    <version>0</version>
    <label>adhoc_datatree_icons_sprite.png</label>
    <creationDate>2014-12-16T14:21:08.107-08:00</creationDate>
    <updateDate>2014-12-16T14:21:08.107-08:00</updateDate>
    <fileType>img</fileType>
</fileResource>
