<?xml version="1.0" encoding="UTF-8"?>
<folder exportedWithPermissions="true">
    <parent>/organizations/organization_1</parent>
    <name>performance</name>
    <label>Performance</label>
    <description>Performance Components</description>
    <creationDate>2014-12-18T01:59:43.713-08:00</creationDate>
    <updateDate>2014-12-18T01:59:43.713-08:00</updateDate>
    <folder>connections</folder>
    <folder>datasources</folder>
    <folder>reports</folder>
    <folder>schemas</folder>
    <folder>views</folder>
    <permission>
        <permissionMask>0</permissionMask>
        <recipient recipientType="role">ROLE_USER</recipient>
    </permission>
</folder>
