<?xml version="1.0" encoding="UTF-8"?>
<fileResource exportedWithPermissions="true" dataFile="adhoc_toolbar_buttons_sprite.png.data">
    <folder>/organizations/organization_1/themes/default/images</folder>
    <name>adhoc_toolbar_buttons_sprite.png</name>
    <version>0</version>
    <label>adhoc_toolbar_buttons_sprite.png</label>
    <creationDate>2014-12-18T02:01:00.544-08:00</creationDate>
    <updateDate>2014-12-18T02:01:00.544-08:00</updateDate>
    <fileType>img</fileType>
</fileResource>
