<?xml version="1.0" encoding="UTF-8"?>
<fileResource exportedWithPermissions="true" dataFile="tabs_horizontal_buttons_bkgd.png.data">
    <folder>/organizations/organization_1/themes/default/images</folder>
    <name>tabs_horizontal_buttons_bkgd.png</name>
    <version>0</version>
    <label>tabs_horizontal_buttons_bkgd.png</label>
    <creationDate>2014-12-16T14:15:20.000-08:00</creationDate>
    <updateDate>2014-12-16T14:15:20.000-08:00</updateDate>
    <fileType>img</fileType>
</fileResource>
