<?xml version="1.0" encoding="UTF-8"?>
<fileResource exportedWithPermissions="true" dataFile="disclosure_indicators_sprite.png.data">
    <folder>/organizations/organization_1/themes/pods_summer/images</folder>
    <name>disclosure_indicators_sprite.png</name>
    <version>0</version>
    <label>disclosure_indicators_sprite.png</label>
    <creationDate>2014-12-18T02:01:08.359-08:00</creationDate>
    <updateDate>2014-12-18T02:01:08.359-08:00</updateDate>
    <fileType>img</fileType>
</fileResource>
