<?xml version="1.0" encoding="UTF-8"?>
<folder exportedWithPermissions="true">
    <parent>/organizations/organization_1/organizations/org_template/adhoc</parent>
    <name>topics</name>
    <label>Topics</label>
    <description>Topics</description>
    <creationDate>2014-12-16T14:20:04.587-08:00</creationDate>
    <updateDate>2014-12-16T14:20:01.690-08:00</updateDate>
    <permission>
        <permissionMask>30</permissionMask>
        <recipient recipientType="role">ROLE_USER</recipient>
    </permission>
</folder>
