<?xml version="1.0" encoding="UTF-8"?>
<jdbcDataSource exportedWithPermissions="true">
    <folder>/organizations/organization_1/analysis/datasources</folder>
    <name>FoodmartDataSource</name>
    <version>0</version>
    <label>Foodmart Data Source</label>
    <description>Foodmart Data Source</description>
    <creationDate>2014-12-16T14:35:48.887-08:00</creationDate>
    <updateDate>2014-12-16T14:35:48.887-08:00</updateDate>
    <driver>tibcosoftware.jdbc.db2.DB2Driver</driver>
    <connectionUrl>jdbc:tibcosoftware:db2://ci-catalogs.jaspersoft.com:10100;DatabaseName=foodmart;AlternateId=foodmart</connectionUrl>
    <connectionUser>db2inst1</connectionUser>
    <connectionPassword>ENC&lt;5D69896AD8ABED6C2CED1F6833887373&gt;</connectionPassword>
</jdbcDataSource>
