<?xml version="1.0" encoding="UTF-8"?>
<fileResource exportedWithPermissions="true" dataFile="SugarCRMSchemaUpper.data">
    <folder>/organizations/organization_1/analysis/schemas</folder>
    <name>SugarCRMSchemaUpper</name>
    <version>0</version>
    <label>SugarCRM Schema Uppercase</label>
    <description>SugarCRM Analysis Schema Upper Case</description>
    <creationDate>2014-12-16T14:35:48.849-08:00</creationDate>
    <updateDate>2014-12-16T14:35:48.849-08:00</updateDate>
    <fileType>olapMondrianSchema</fileType>
</fileResource>
