<?xml version="1.0" encoding="UTF-8"?>
<jdbcDataSource exportedWithPermissions="true">
    <folder>/organizations/organization_1/analysis/datasources</folder>
    <name>FoodmartDataSource</name>
    <version>0</version>
    <label>Foodmart Data Source</label>
    <description>Foodmart Data Source</description>
    <creationDate>2014-12-16T14:16:29.000-08:00</creationDate>
    <updateDate>2014-12-16T14:16:29.000-08:00</updateDate>
    <driver>tibcosoftware.jdbc.oracle.OracleDriver</driver>
    <connectionUrl>jdbc:tibcosoftware:oracle://db-oracle11.jaspersoft.com:1521;SID=ORCL</connectionUrl>
    <connectionUser>foodmart</connectionUser>
    <connectionPassword>ENC&lt;5138E073D85983D4BC86A2BEDBE0CA8D&gt;</connectionPassword>
</jdbcDataSource>
